{
  "test_accuracy": 0.6,
  "cv_accuracy_mean": 0.535,
  "cv_accuracy_std": 0.0624,
  "cv_fold_scores": [
    0.5,
    0.65,
    0.55,
    0.5,
    0.475
  ],
  "precision_weighted": 0.6083,
  "recall_weighted": 0.6,
  "f1_weighted": 0.5795,
  "per_class": {
    "positive": {
      "precision": 0.5833,
      "recall": 0.875,
      "f1": 0.7,
      "support": 16
    },
    "negative": {
      "precision": 0.625,
      "recall": 0.3846,
      "f1": 0.4762,
      "support": 13
    },
    "neutral": {
      "precision": 0.625,
      "recall": 0.4545,
      "f1": 0.5263,
      "support": 11
    }
  },
  "confusion_matrix": [
    [
      14,
      1,
      1
    ],
    [
      6,
      5,
      2
    ],
    [
      4,
      2,
      5
    ]
  ],
  "confusion_labels": [
    "positive",
    "negative",
    "neutral"
  ],
  "training_samples": 200,
  "test_samples": 40,
  "train_samples": 160,
  "classification_report": {
    "positive": {
      "precision": 0.5833333333333334,
      "recall": 0.875,
      "f1-score": 0.7,
      "support": 16.0
    },
    "negative": {
      "precision": 0.625,
      "recall": 0.38461538461538464,
      "f1-score": 0.47619047619047616,
      "support": 13.0
    },
    "neutral": {
      "precision": 0.625,
      "recall": 0.45454545454545453,
      "f1-score": 0.5263157894736842,
      "support": 11.0
    },
    "accuracy": 0.6,
    "macro avg": {
      "precision": 0.6111111111111112,
      "recall": 0.5713869463869464,
      "f1-score": 0.5675020885547201,
      "support": 40.0
    },
    "weighted avg": {
      "precision": 0.6083333333333334,
      "recall": 0.6,
      "f1-score": 0.5794987468671678,
      "support": 40.0
    }
  }
}